Catégorie,URL
Parquet Massif,https://venessens-parquet.com/collection/les-parquets-dinterieur/parquet-massif/
Parquet Semi-Massif,https://venessens-parquet.com/collection/les-parquets-dinterieur/parquet-semi-massif/
Sol Stratifié,https://venessens-parquet.com/collection/les-parquets-dinterieur/sol-stratifie/
Terrasse Bois Résineux,https://venessens-parquet.com/collection/parquets-exterieur/terrasse-bois-resineux/
Terrasse Composite,https://venessens-parquet.com/collection/parquets-exterieur/terrasse-composite/
Terrasse Exotique,https://venessens-parquet.com/collection/parquets-exterieur/terrasse-exotique/
Dalles de Versailles,https://venessens-parquet.com/collection/les-parquets-dinterieur/parquets-motifs/dalles-de-versailles/
Les Géométriques,https://venessens-parquet.com/collection/les-parquets-dinterieur/parquets-motifs/les-geometriques/
Panneaux,https://venessens-parquet.com/collection/les-parquets-dinterieur/parquets-motifs/panneaux/
Style Français,https://venessens-parquet.com/collection/les-parquets-dinterieur/parquets-motifs/style-francais/
Fresati (fraisés),https://venessens-parquet.com/collection/lhabillage-mural-latho/fresati-fraises/
Move (gaufré),https://venessens-parquet.com/collection/lhabillage-mural-latho/move-gaufre/
Pose du Parquet,https://venessens-parquet.com/collection/les-accessoires/pose-du-parquet/
Pose de Terrasse,https://venessens-parquet.com/collection/les-accessoires/pose-de-terrasse/
Finition,https://venessens-parquet.com/collection/les-accessoires/finition/
Entretien du Parquet,https://venessens-parquet.com/collection/les-accessoires/entretien-du-parquet/
